0,0.08753261586478467
1,0.8250478577773079
2,0.10961186460034246
3,0.18196438741606025
4,-0.3249985797900639
5,-0.3916833605037503
6,0.7862494623667677
8,0.45730901319773776
9,0.2391784767483165
10,0.900338565858635
11,0.3072075421393924
13,0.8253384317716802
15,-1.411750405750773
16,0.6458241748031365
17,-0.7422012370044446
18,-0.616374041955595
19,0.7850721493127446
21,0.4813183116535093
22,-1.6474217777702018
23,-2.287563840667005
24,-0.24137950435024336
25,-0.05030991849950256
26,0.12952616801122152
27,-0.0750213460004577
28,-0.18097792043817695
29,0.8242369385664895
30,1.3661457009730702
32,0.9817931613627172
35,0.515581808293517
36,-1.498683106442811
37,1.0742346862347496
39,-2.3360078307734193
41,0.1868407415087925
42,0.3336284036034552
43,-0.810648806250285
44,0.5719842736599682
45,-0.2919902211706628
47,1.002827142671258
48,-0.971315969802169
49,0.9087465678342128
50,-0.6718647305166455
51,0.3477192091586764
52,0.04681122814702724
53,0.2145876244392198
54,0.5634311704556416
55,0.47893262361248296
57,1.1560623664495788
58,-1.5842166090901646
59,0.3498429641972437
61,0.14396050259850932
62,0.3462776387223913
63,0.1337991745912622
64,0.21746672553326848
65,0.07232113236122373
66,-1.3898442908269761
67,-1.4926390094578272
68,0.11065307170047398
69,1.0090447337904072
70,0.28221336941773306
72,-0.056242802829804955
73,-2.2795539395628155
74,-0.5176843408116681
75,0.3418178934695307
76,-1.0681373445706224
77,0.511085205005298
78,0.47054166592686797
79,-0.9078212021698798
80,-0.01617738793799185
81,0.06560116310458916
82,0.8128078116414771
83,0.5160684619399843
86,0.8648840272380172
87,0.4363771561550296
88,0.11154834402190837
89,0.9645604153440362
91,-1.3719909045345335
92,0.15868513036605833
93,-0.45659339407830823
95,-2.348843845389329
96,-2.872724052351489
97,-1.7621799250966814
98,0.3128655953482028
99,0.5676848238167244
100,-0.01649260267284524
101,1.2551814203961487
102,0.15774774407038145
103,-0.2158525706105091
105,0.19318316629268095
108,0.23501750057019236
110,0.7019149847022843
111,0.29740233799698346
113,0.604916052479213
115,0.5266593019706397
117,1.1786849302131617
118,-0.606825117889242
119,0.2404166520823425
120,1.2920917721973757
121,1.3839015804805168
123,0.8091100828530191
124,0.6630450004475541
125,-0.0961770590449326
126,0.170512527397843
127,0.07845619057240319
128,0.5644621295510572
129,-0.1883627098525999
130,0.005145350792404455
131,-2.714605943686573
133,1.113647745344065
134,0.443084301277311
135,-1.2523933597779475
136,-1.5808624622260123
137,-0.2877560205745106
138,-0.4140113957750152
139,1.3499113183366034
141,0.42592388151163113
142,-0.992988508496625
143,-1.1650696802221894
144,0.04681122814702724
145,-2.5097252909504504
146,0.25351257254852205
148,0.982472846279593
150,0.2244491163841739
152,-1.3309660366954896
154,-0.23101923173038064
155,0.8769107123112045
156,-0.05639599479815262
157,-1.1079217991751191
158,0.2517077625154113
159,0.2353534067547029
160,-1.6020894145823488
161,0.08643092736390635
162,-0.3985651135430144
163,0.2058641894089673
164,0.6750116807813313
165,-2.1486942016068062
167,0.9750523774708695
168,0.5286381603760014
170,0.6312544297314752
171,-0.4754591475847122
172,0.0781965175823475
173,-0.44571995740923614
176,0.15452714005961138
177,-1.0453178689493863
178,0.9240850353013763
179,1.0037681928392548
180,0.42225476993352623
181,0.27931245188978493
182,0.29404943286133484
183,0.21542254657295726
184,1.1552652628954905
185,1.014765628537341
186,-0.3334115663448131
189,0.189502248337608
190,0.19686932185785522
191,0.761138780545999
192,0.493173315370381
193,0.11170045845446377
194,-0.9243868105333547
196,-1.5372162568539782
197,0.752993203069318
198,0.08922045542800719
199,0.24498515278157856
200,0.974510557359167
201,-0.32570404310649476
202,0.8773612759395525
204,0.012432533568138131
205,-0.4465361013488497
206,-0.6616438305886039
207,0.6931047819818361
208,-0.28764660187007485
211,1.401695069378893
212,-0.37477817042984374
213,0.4205330019319798
214,-0.5736962401951036
215,1.042698231803952
216,0.7760385664884704
217,0.7856322915292934
218,-0.23684116864270807
219,-0.4024180904470758
220,0.03523234469177725
221,-0.9195193260375535
222,-2.06363230727864
226,0.39562295463845953
227,0.35842980875502195
228,-0.9798609979026868
229,-0.49137928667191566
231,-0.8175992610210443
232,-0.529626559821022
233,-1.3867109967633575
234,-0.04304766571543685
235,0.3746537505009502
236,-0.1967098917271184
237,-0.6436231390706506
239,0.6439293395917676
240,-0.18464686919011755
241,0.23747738026223222
242,-1.725705573780014
243,0.2146826760822631
244,0.5459081944624374
245,0.23928792013402747
246,1.296486481017486
247,0.8136151511550077
248,0.9821452631444538
249,0.14794829584619767
250,0.5360344262822097
252,-0.23746854351284571
255,-0.077188292335186
257,-0.02557134974648157
258,-0.5196162875706553
260,-1.422215107633695
261,0.794933482408091
262,0.21708546998345712
263,-2.35782531948468
264,-1.5181480486565344
265,0.10875242169701894
266,0.6354797981030275
268,0.3272820073142863
269,-2.228854742760921
270,0.7265750831607215
271,1.0191401534455808
272,0.5632340628666229
273,0.7790686192213301
274,1.1746750019652312
275,-1.0011479674284076
276,0.1337991745912622
277,1.0214211516062688
278,-2.1784554646969836
280,0.018005090846229633
281,0.6957515725227119
282,0.1043608220339085
283,0.3213895930880961
284,0.5791859510563225
285,-0.6453836212566939
286,1.210382595712263
287,-0.12447883373507136
288,0.32078563341302246
289,0.05885543653913384
290,1.1802111261132964
291,-0.21203686349922593
293,-1.2397245688875924
295,-0.1794872948325115
296,0.6093385931590422
297,0.6369797311154557
298,-0.0036701670859863454
299,-2.1337855241922297
300,0.5825104389434338
302,-0.42848898696894305
303,0.31107681508414664
304,-0.1603515445834962
305,1.0815930952290376
306,0.8432955078541716
307,0.3077888942065675
308,0.29354257783568605
309,0.8781157727870439
310,-0.04791312008449815
311,-2.4059868551656267
312,0.0781965175823475
313,-2.6459899837481915
314,1.295033547059937
316,0.9037170090175554
318,0.3811457096719942
319,0.707603699676813
320,-0.9218849762177357
323,1.0161618610563978
324,-0.1922397996518357
325,1.2325282534062254
326,0.8977598307994016
327,0.6644862909867508
328,0.2718730197638115
329,1.3286140288144734
330,-0.19743202059902454
331,-0.18171696090236109
332,-1.2003202911262427
335,0.4968801164406227
336,0.9017625850904676
337,0.006378208532915333
338,0.37877165358245096
339,-0.5337182318230532
340,-0.7262675669837505
341,0.6618856319321124
342,-1.4957180250869815
343,-1.6947734791708176
344,0.596901796287042
345,0.15093614794463006
346,0.7944710080338774
348,-0.38730765868494577
350,0.9140884287763872
351,0.8965789423443645
352,-0.006069125882838467
354,0.015641926602476503
355,-1.1541047742455028
358,0.14814145213697372
359,0.8188388517115697
360,-0.40285664665365917
361,0.0014457975559393622
362,-0.22004239658622904
364,0.6604647578243235
366,0.8477588537752941
367,-0.638786928647793
369,0.6826288654309591
370,-0.7546686023093206
371,-0.30916981226080187
372,0.8119376377412705
373,0.03376736119270488
374,0.20383188818113954
375,0.21169368260164206
376,0.8447517494733591
377,-0.23183330829583754
378,0.25291557079670035
379,-0.8852707851633724
380,1.036239901366393
381,0.6715530477118717
382,-0.5680969132854649
383,0.7087681152604535
386,-2.413423687032847
388,-0.5456890267027622
389,1.0852478079459549
390,0.03694623360303123
391,0.007673977628616401
393,0.9371528772507894
394,0.725388602788995
395,-0.8558450338732215
396,0.43457829530659703
397,-0.5828867300075287
399,-0.07623286276652784
400,0.649009566952225
401,-0.1718239385287738
402,-2.5485194812758483
404,-0.06165548629728672
405,0.9251586071765527
406,0.13663725257773482
407,-0.132986102184664
408,0.5168210518035643
409,-0.3087335373253372
410,1.0615845615843036
411,0.9852125060689904
412,0.8341984661138347
413,-0.8305145567977347
414,1.0537536694149832
415,0.9885271571961762
417,-1.1733217132816691
418,-0.26758215678794167
419,-0.23758791653126266
420,0.9919165682520401
421,0.5213508445368696
422,-1.2565569556825096
425,-0.9784748281100812
426,0.22838325634576354
427,-0.5657730107751087
428,-0.7353275289002621
429,0.8762982957902574
430,-0.3766681264962314
432,-1.6171498308266967
433,0.984015577075766
434,0.051077901979098415
435,-1.2513620252126605
436,-1.7726167885919186
437,1.0138264088480038
438,0.5993119652028648
439,-1.269719846343959
440,1.2818259467417872
441,-0.570519033102795
443,-0.2919902211706628
444,-1.9153038986333328
445,-1.203252412788913
446,-0.8661232971980074
447,1.1794087845785322
448,1.2570335028325712
451,-0.6085284481649603
452,-0.8146638409056859
453,0.09392858077554625
454,-0.3374817271450142
457,-1.2070908236080333
458,0.80063725887441
459,0.34874450204124396
460,-1.391889961186677
461,0.9841022018099692
463,0.9271969408907882
464,0.16746449506961453
465,0.23979650174055864
466,1.2012517838070162
467,0.12387531729767953
469,0.8937211619744179
470,-0.6325510105524161
472,1.0448357961261354
473,-2.17876896983646
474,-0.14295227311231495
475,-0.6458679327170024
476,-0.14990105152234748
477,-0.2947506577651198
478,0.2995367725094552
479,0.19501595059160512
480,-0.7234816422760327
481,-0.009886127399611032
482,0.471888444534188
483,-1.4215899300754529
484,-0.38355377207547714
485,0.1700188406837668
486,1.0685359793878537
487,-0.36951075371685527
488,0.8733478383775699
489,-0.9966928868802621
490,-0.6213725063427848
491,0.6775587098539317
492,-1.7966268162164607
493,0.4921053123783902
494,-2.592389229344057
495,0.07330049768310833
496,-0.356080394594433
497,0.5473899850801136
498,-2.1441494187724968
499,1.40366158172395
500,-0.9258669107577419
501,0.6073510667994575
502,-1.2331130021855583
504,0.07060248372128271
505,-2.4527960500033568
506,-0.13345474165912957
507,0.8514223741624463
509,0.1303154022776431
510,-0.0022920936984333964
511,1.0832178868785716
512,-0.48760833056034814
513,0.8488734833615208
514,-1.8746342050823765
515,0.28233051027680406
516,-0.1718239385287738
517,0.9197780514301118
519,0.3871288180550061
520,0.22834781341160373
521,-1.1811388016214808
522,0.3950253895973376
525,0.34788528902915766
526,0.2127385948937736
527,0.5285149857939219
528,0.6587260846703477
529,0.4954864823407104
532,0.001361710424341152
533,0.9270569224428
534,-1.9250586114592827
535,-0.01282076562718791
536,0.24742794432460594
537,1.2791260003292546
538,1.4043810462862512
539,-0.9894128284425332
540,0.9331184533321555
541,-0.06837006976952041
542,0.5124925234866544
544,0.2624530017027011
545,-0.11622128581394545
546,0.8634369437424366
547,0.1892083182064189
548,0.7701039690287613
550,0.8350954589538148
551,0.8585127172012568
553,0.04947665914878249
556,-0.24648033478544465
557,0.30423984103574747
558,0.5640792101633351
559,0.49206495937939065
560,-2.3066104926396678
561,-0.6485854869930081
562,1.086603445272978
563,0.4804982144299304
564,-0.8441583462998207
565,-1.724626450681213
566,-0.07259328408616862
568,0.21977007470396645
569,-0.32720873226090713
570,0.7745534934937472
571,0.2001969471653005
572,0.7387398919019851
573,0.01291641694059689
575,0.27504377541392183
576,0.5847794195567706
577,-0.077188292335186
578,0.0910341547450434
580,-0.06655340967587585
581,-1.0973032875828597
584,-0.7892626689862446
585,1.251083068764562
586,-0.28369782763132484
588,-0.23758791653126266
589,-0.19128945479410442
590,-0.024915586474042833
591,-1.340862683148334
593,0.05255193386824383
594,0.4392235676510502
595,-1.3742407865881647
596,0.28054534285721794
597,0.8448647901986669
598,-0.76728775033271
599,0.5379759925036025
600,1.3018300085596433
601,0.6603645976013645
602,0.9011140757696545
603,0.6172195567533378
604,0.3627959019472812
606,-1.3498298970656484
607,-1.1227358861987593
610,-0.3394380879360141
611,-0.5711388894197492
612,-0.05900709630235891
613,0.20340936333828866
614,0.39523124890987177
615,-0.7812738828998714
616,-1.4572661658679593
617,0.9004481369186714
618,0.3719404085579113
620,1.0506477155937222
621,-0.8822975256966307
622,-0.31150972775894487
623,0.957320883176827
624,0.7833957859780725
626,-0.1946490891295432
627,0.39959306845416076
628,-0.1614836652293463
629,0.09042076053971042
630,0.8757255640442598
632,0.409938507088076
634,0.5511486457469894
635,0.2653058188419431
636,0.4800894286085175
637,0.9911937682456042
638,-0.6967506708327393
642,1.225472027227708
645,-0.8181172191036697
647,-0.48760833056034814
649,1.079128151211025
650,0.9512312989732269
652,-1.9022987591686489
654,-1.0316674642271388
655,0.3000960034503659
657,0.10706818531100674
659,-0.06201862137193435
663,0.22670503947692752
665,-2.428334962402573
667,-1.2062815631944126
668,-1.1310674185561798
669,0.7467294550827862
670,-0.41001697065233456
671,-0.17788632081085495
672,-0.3677777689711386
673,0.4975280117825774
675,0.060063093388202274
676,0.6629099313568569
677,-0.9089316331298605
679,-0.03573267732432029
681,0.04681122814702724
682,0.5660505440417809
685,-0.3377190390118222
687,-0.7012977905968657
688,-2.4352930676354934
690,-0.1718239385287738
692,1.0562443041160177
693,-0.49477097961479843
694,-0.17307099894784228
696,0.2624530017027011
697,-1.2965246917138713
698,-0.022470643671826
700,0.5010066779926503
701,0.8373481217384972
702,1.1519136237639016
703,-1.0681373445706224
705,0.48204749313336537
706,0.14304254800655564
707,-2.363826139595409
708,1.10396701653139
709,0.02657957345217528
711,-0.2849039348312814
712,0.9101146247557302
714,0.39864296754335177
715,0.3310452378409006
716,0.223521679111375
717,0.15100319071635968
718,0.43991033251557093
719,-1.4171469338576
720,-0.2780481130232381
721,-1.81616800378887
722,-0.09618861148320226
723,-0.8023009532180492
725,0.7222872993686896
726,-0.3066056384063136
727,1.1258644690855455
728,0.19646079826919038
730,-0.5681050291973107
731,0.638108857763959
732,0.05397563950529792
733,-0.5763170537092224
735,0.6505941370074705
737,-0.5879034405199657
738,0.48706643514772713
739,1.0096486191247513
740,-0.4609136175557355
741,-1.1463434603082505
742,-0.29451557499595366
743,0.5064738495660036
744,0.7573558772414672
745,0.25842037022654446
747,0.050792652228635736
748,0.4554729541119621
749,0.7825117514982831
750,0.5962032487625808
751,0.887845831136689
752,-2.205619405875514
753,0.6517645282348568
754,0.026904649488181952
755,-0.1718239385287738
756,-1.408295840979066
757,1.0208349659533074
758,-2.161409987200484
759,0.4031538357973022
761,-1.8377049567246744
762,0.7143287451145307
764,-0.03367738245060349
766,0.33886749170178415
767,0.9131182225535751
769,-0.3011275984596443
770,0.3434599356561426
771,0.22704483356005928
772,-0.1762924821565997
773,-1.9077981641185708
776,0.589730201053865
780,-0.3868549669674964
781,-0.6381889075467839
782,1.2758138515956432
784,0.09050896677124516
785,-0.9151747435794902
786,0.7146785040735661
789,0.8256614598279036
790,0.7258217438199199
791,1.1311331739896868
793,0.04547991060649583
795,0.2724183571944522
796,0.44936685879716964
797,-2.7568136904536833
798,-1.7960564654718496
800,0.6525331705076283
802,-1.1036815499695656
803,0.4326207961924963
804,0.9530436143916845
806,0.2341830642057116
807,-1.5305854317704353
808,-2.0502421821426084
809,1.1274166142028
810,1.3088960339559552
811,-0.6967506708327393
812,1.165300671658481
813,0.2800517748244507
814,0.5324464802653703
815,0.6631524599189337
816,0.5231800752129041
817,0.2968316979211498
818,1.1492578312846249
819,-0.5019635720653222
820,-2.508432235477163
822,1.0346544078581787
823,-0.7376286724488357
824,0.8569612323781017
825,0.18179786186846805
826,0.6824375670494391
828,-0.10275819933043129
829,-2.435868352152204
830,1.0147618243696617
831,-0.40445383369930626
833,0.6903464021616482
834,0.4760729070367611
835,-0.7218518997728859
837,1.3234365699306598
838,0.19964372986354886
839,0.005038522636270867
840,-0.4243788921242842
841,0.06126202643039497
843,0.37319628670280136
845,0.9559194000322683
847,-0.4675469319436517
848,0.2244491163841739
850,0.5784475909868356
851,-0.5605069780489873
852,-1.4958337058743016
853,0.4805461680623
854,-0.5005946517924402
857,1.327600447891274
858,-1.0285499190444112
859,-0.06632399636384576
860,0.15342093762302939
861,0.834009228062168
862,-2.1278405980873014
863,-0.46755839609175076
864,-0.9824496945456259
865,-0.008045794510720686
866,-0.06805607620971216
867,-1.538038152466517
868,0.872541407820929
869,0.38381964787872824
870,-0.1657999190610078
871,0.5836078391567454
872,-0.40922255373494987
873,0.02596887861446455
874,0.9807135411221447
875,0.5941083479674159
876,0.5314510131374041
877,0.49870888361849436
878,-0.3588520994106617
879,0.5787306323313695
882,0.9873482414139988
883,0.7500089217394268
885,0.5899140725350493
887,0.6246192696443973
888,1.3136760801880265
889,0.10989539508214555
890,-0.062437384977587454
891,0.4936182884381918
893,0.10706818531100674
894,0.8430550436392703
895,-0.2072369435726606
897,0.23300374569793836
900,0.20092573808679354
903,0.1372575831940696
904,1.0966388042267303
905,0.8161210569120063
907,0.933429847116761
908,-0.4816621484659876
909,-2.0749893311265835
911,-0.6736672112326803
912,-0.5583218739424354
913,0.5934545523860555
914,-0.26766393305568
915,0.6688039074243896
916,0.3895911391742124
917,-0.3498759622786343
918,-0.23044504462409132
919,-0.3335319303867389
921,0.06727962214842233
922,0.4678830651500769
923,-1.415017499792257
924,-0.8766283806031618
925,-1.751743648092557
926,0.8305751448179276
927,1.0888083196934781
929,0.5331983400706949
930,0.6514132217267327
934,1.0376345451521651
935,-0.29911831435112596
937,-1.9987716806715479
940,0.24297089038937997
942,-0.26490649446910014
944,0.05656946805943192
945,0.543977959262747
947,-1.5690631225935745
948,1.2397368071285966
949,-0.0472311991366779
950,-0.0569098154671743
951,0.2638932962044401
952,-0.8181172191036697
953,0.7306733373071503
954,-0.5712660452413196
955,-0.5996381120834409
957,-0.6769400129273833
958,0.9716213990231174
959,0.6880901775400674
960,0.7758942148687352
962,0.9679562633887951
963,-0.8952242773280591
964,-0.847586798693585
965,0.4784588723503779
966,0.4114601752730947
967,0.16155066325381562
968,1.0201074715911655
970,0.012432533568138131
971,1.2602736192141661
972,0.7174073126820157
973,0.7573848490550061
974,0.443084301277311
975,0.506105285339607
976,0.5075655784564244
977,0.10528245297440676
978,0.6984014710397143
979,-0.5355185268830002
980,0.8097124043546501
981,-0.6173235124849776
982,0.08174578243731087
983,0.6675698244690502
984,0.5645808495476647
985,-1.8399599135976894
986,0.2576968394973722
987,0.3217040719460054
988,0.9488057900410063
989,-0.6319098439250952
990,0.13084485220570963
993,0.3932833932924382
994,0.6908872232406564
995,-0.664670942716502
996,0.7487074425040943
997,0.8568231308651663
998,1.022374143189652
999,-2.2710490501501606
1000,0.1306508081892701
1002,0.28490587753609853
1003,-0.5979260017102336
1004,-0.29747148188876704
1008,0.2528035356167162
1009,0.6370787345211292
1010,0.9663937460915286
1011,0.5249742506578439
1013,0.30892919889584186
1014,-0.8338803473752087
1015,0.2800517748244507
1016,0.8928619145138185
1017,0.39647720283632937
1018,0.5709656197183238
1019,-0.15580869027481914
1021,0.870742680845764
1023,0.2608262099832306
1024,0.26326574184100054
1025,-2.7931601213708577
1026,0.37909068754929715
1027,-0.14445425671479736
1028,-0.6104572236382301
1029,1.0065755236060119
1030,0.2818977260378033
1031,0.0509145407014554
1032,0.5148730120857691
1033,0.3993927193504923
1034,0.5024264875811637
1035,0.4102408884038601
1036,-1.1817165504258411
1037,0.46511370095307825
1038,1.167121795830191
1039,-1.9346856979176186
1043,-1.2169233869594258
1044,0.4952592976057106
1045,1.2626991169374182
1046,-0.6671355498760261
1047,0.7453475891972743
1048,0.36920739986304396
1049,1.1246507528983127
1050,0.40583274696167776
1051,0.21403069037944217
1052,0.0314549196815188
1053,-0.8449182767829295
1054,0.1562582766237942
1056,-1.6223800880806634
1057,1.0694577553688083
1058,-0.7809743827456825
1061,-0.03811390637218544
1064,-1.3996639826096964
1065,1.2526071599014017
1066,-0.0028888370820926977
1067,0.6006637251708117
1068,-0.005373374216500401
1069,-0.19692199605935545
1070,-0.12563969392696492
1071,0.5366822653742412
1072,-0.09665955413511539
1074,0.012432533568138131
1075,-0.5708738072861229
1076,-2.332941079508495
1077,0.30448207561480595
1078,0.14263046495610626
1081,0.9093686260925263
1082,-0.8235661895162443
1083,0.6137757496339734
1085,-0.9983715177615762
1086,-0.7459874769182707
1087,0.728370294773131
1088,-0.2863722490538537
1089,0.39199384883504085
1090,0.48307719257747245
1091,-0.7554893686160763
1092,-0.41201204698326155
1094,1.082329852543135
1095,1.2971124040018192
1096,0.36164460774605045
1097,0.7624939605157802
1098,0.8849652234966767
1099,0.5177549964894856
1100,-0.379832985765486
1101,-1.5831442161544345
1102,0.15528804723318462
1103,0.4432351639398239
1104,-0.3828286584048567
1106,-0.5176843408116681
1107,-0.05248615844962561
1109,0.548460959436623
1110,-0.4192531445072213
1111,0.9370505268915762
1112,0.6637747659065658
1113,0.23374036825364009
1114,0.08873582638459772
1115,1.0657363656300065
1116,0.49560551588042734
1117,0.9670951930750427
1118,0.8703399914079029
1119,0.46726202508097614
1120,0.4344849484196674
1121,0.42727526284603107
1122,0.6563913351397747
1123,0.6781933830634098
1124,1.3506779724680809
1125,0.8611942364182326
1128,0.40141842124585486
1129,-0.44031273519491454
1130,0.9284502414436211
1133,0.06411654044736168
1134,-1.9791677446064073
1135,0.482397456841466
1136,0.5977853332745666
1137,0.16817787010704197
1138,0.1715608817354908
1139,-1.1109032631116096
1140,1.1424734638869507
1141,-2.3644291252543774
1142,-0.05704658483383883
1144,-2.334217736203497
1145,0.7822339338133228
1146,-1.4759687814655535
1147,-0.6159880733214227
1148,0.9349527238563616
1149,-0.45319357730377785
1150,-0.015688449998237826
1153,-1.8290851301201068
1155,-0.21433621224974833
1157,-0.0991431859572088
1158,1.043968537951286
1159,0.9827634400789464
1162,0.4212657415278147
1163,-0.5470801560015328
1164,0.6200458802314913
1165,0.4621060053707713
1167,0.4165360696556104
1168,-2.0508796615059275
1170,0.05101853000971924
1171,0.6261537742744285
1172,-0.46234907980426904
1174,-0.2593759644494963
1175,-0.16292949101883752
1176,0.34301745760763963
1177,0.8286558715289376
1178,0.04681122814702724
1179,0.33843659470935894
1180,-1.6462948369505004
1181,1.1310214993138823
1183,-0.05463546623560333
1184,1.2477713563111623
1185,-0.8939223489813386
1186,-0.9571079846858316
1187,-1.9401796042048534
1190,-0.08368090655759242
1191,0.5635855280294834
1192,0.6834481578646312
1193,-1.0031889829322171
1194,-0.6319576335689964
1196,0.7720627068797351
1197,-0.878139669477755
1200,0.6051845496503058
1202,0.20383188818113954
1203,0.9310845583925781
1204,0.46548561362854785
1205,0.5947230722346869
1206,-0.22679038973714324
1207,0.6062828256196272
1208,1.1173306807282084
1209,0.7781891841613398
1210,0.7413745444794365
1212,0.11448197343297727
1213,-0.45398423864725523
1214,-1.3715941381298788
1215,0.009902182744917002
1216,0.11848607244979259
1217,1.274119401590572
1218,-0.39646719943765757
1219,-0.7245420014669881
1220,0.27252486691807665
1221,-0.1067862036883505
1223,0.7649557540258461
1224,0.9703213028811893
1225,-1.3593765562245939
1226,0.016965314806282543
1227,-0.5337182318230532
1228,0.20328955580287614
1229,1.1195650822901007
1231,0.8755507209502934
1233,0.28060557867301994
1234,1.0676766813356624
1235,-0.08443126267809493
1236,0.7631882769477731
1237,-0.2762347408989205
1238,0.41529868173812273
1240,0.1509993095032569
1241,0.6091426302193841
1242,0.5014242921644235
1244,0.5462691034584831
1246,0.5149191686419979
1247,0.4140522839323312
1248,0.8315865568466304
1250,-0.20478269503639052
1252,0.21184617691637195
1253,-1.8498283407879708
1255,0.5088341525496411
1256,0.5497175863700069
1257,-1.2095754667424692
1258,-0.16392014913579256
1259,-1.1319204666700964
1260,-0.4100967996126439
1261,0.07454236169163275
1262,-2.916998477707555
1263,-0.26552371872791775
1264,0.42881661583788905
1265,-2.105148202981631
1266,0.7060478657469592
1267,-1.9249499705562354
1268,0.35156690062921453
1271,-2.3352568447214876
1272,0.8510886109824116
1273,0.20232488756843492
1274,-0.0414055919513022
1275,0.3429416168910996
1276,-1.977019008988821
1277,-1.9682260068991533
1278,0.19425761258380897
1279,-0.5291378153658749
1280,0.24781465035734201
1281,0.5855072790000769
1282,-0.1718239385287738
1283,-1.196784686823156
1284,0.2913047145878774
1285,0.5255977170728693
1286,0.7019725267514223
1288,-0.03185409358706022
1289,-0.7234816422760327
1290,0.08735301989800896
1291,0.3731999749958186
1292,0.053408003372095184
1293,0.9920174522982107
1294,0.28089334369026003
1295,0.7968195937839841
1296,0.44308798480437056
1297,-0.7410848418325622
1298,-0.19514923777876234
1299,-2.0045203299977032
1300,0.8995547279189117
1301,-1.3903374375600326
1304,-0.8474200966434396
1305,0.35344966488190965
1306,0.6844646409068655
1307,-1.5155550663080115
1308,-0.3514022826672417
1310,-2.267181097052274
1311,0.3883004918702534
1312,0.8060173667382012
1314,-0.15183670621657858
1315,0.3572393446150008
1316,0.2956890510222925
1317,-1.068738053614874
1318,0.06953632840896525
1319,-1.0715418005920172
1320,1.4015699977915026
1322,-1.0783655228314002
1323,-0.3833698983565051
1324,-1.3398132119143829
1325,-0.31952249515011594
1326,-0.777909725004054
1327,0.37232842386095905
1328,-0.7035838383779103
1329,-0.5786334188827795
1330,-0.0635752326157885
1333,-2.321021390641993
1334,1.1399761557713106
1336,-0.06706550362974724
1339,-0.26859229085566844
1340,0.7057240320127562
1341,1.0859266635100504
1342,-0.7794109339158133
1343,0.2670580664852339
1344,-2.476236252999586
1347,1.0340693973902593
1348,0.15183577651821992
1350,-0.22344087803454524
1351,0.40759394907726837
1352,0.06177988652713483
1353,0.8530136575995005
1354,-0.3271230060672552
1355,1.017535853655187
1357,-1.037399794224783
1358,0.8476415036407824
1360,-0.8181172191036697
1362,1.0023292856363375
1363,0.012432533568138131
1364,0.24961118807251687
1365,-1.8525285929819284
1366,-1.0061912057802966
1367,-0.11622128581394545
1368,-0.02557134974648157
1369,0.5856749124821233
1371,-0.582972422663901
1372,-2.2819675148233283
1373,-0.5493736499100895
1374,0.10156889695083784
1375,0.5268582888093573
1376,-0.22031475028878672
1378,-0.12907757167712058
1380,-0.6485854869930081
1381,0.3429416168910996
1382,-0.869298479954062
1383,1.0512277320544232
1384,0.9449661638615403
1385,-0.8288006359320087
1386,-0.007938341115145029
1387,1.1031460366935784
1388,-2.0608508846586044
1389,1.0249564446711612
1390,0.7044359771949648
1392,1.4021307954814768
1393,0.9920277033178582
1394,1.1091463380394364
1395,0.32524866469163194
1396,0.9869301880474091
1397,-0.7970803956660126
1398,0.2367884844646345
1399,0.6751102686081933
1400,1.291612344869654
1401,1.114020851025495
1402,0.06198009429668985
1405,0.48331984356859764
1406,-0.29076022556266856
1407,1.1251008014618824
1408,0.3278922396654746
1409,-1.6206271164298232
1410,-0.3661793757161227
1411,0.7068962941675864
1412,0.8716980164909124
1413,-1.0507667785681956
1414,0.6917590813073876
1415,0.26913942007966457
1416,0.21492562755757447
1417,1.0489310210873835
1420,-0.684106806415187
1421,-1.9491526842966258
1422,0.642018641993033
1423,0.4152762620730124
1424,-0.07530309599228836
1425,1.3348899204098987
1426,0.8680490758634635
1427,0.9080612783316684
1428,0.7547884638473843
1429,0.8501254516604222
1430,0.3240950502231905
1431,0.0036739232416547235
1433,0.15246109172468844
1436,-0.7837385540368396
1437,-1.8154055444745587
1438,-0.49344164594921613
1439,0.8066836080369987
1440,0.14599886785164187
1441,-0.33895906188102554
1442,-1.111239676436132
1443,0.03870155468963879
1445,0.34742085060915884
1446,-0.038875460898830726
1447,-0.4218443645812964
1448,-0.22839571748429285
1449,0.41496051511515664
1450,0.7959870040702351
1451,-1.136693127821674
1452,0.692474109596224
1453,-1.72667597027739
1454,0.4282528580017644
1455,-0.3411224943454106
1456,-0.12710179155419218
1457,-2.5974097796123026
1458,-0.41804091396466864
1459,-0.30395740038631197
1461,-1.111824677165178
1462,-0.14343871798384172
1464,0.6314816596151044
1465,0.43198486231380806
1466,1.135172602071254
1467,0.6409850089142944
1469,-0.7186154354557583
1470,-0.6204081619521559
1471,0.8512161273600718
1472,0.9980213453660828
1473,1.1810216614393603
1474,0.6737330881609856
1475,0.48600653603473387
1476,0.056314496891722764
1479,-1.5617214445820633
1481,0.5426727787129995
1482,0.670681532498338
1483,0.7615905307468309
1484,0.746764332555578
1485,-0.44577956880962083
1486,0.03806224656625421
1487,-0.15300245418063674
1488,0.019517299984059138
1489,-1.147346658386506
1490,-0.23758791653126266
1491,0.2994327398118986
1492,0.9838579525704363
1493,0.1290840104107748
1494,0.07662868487745306
1495,-0.5412497556750268
1496,1.0974246861367727
1497,0.4997161565135041
1499,-2.0458870349617255
1500,1.3503855324401008
1501,0.36840146210643343
1502,0.7681874257354294
1503,-0.8221069354771181
1504,-1.2693781404615303
1505,0.19030601908735215
1506,-1.229010489396396
1507,0.18235650666608375
1508,0.11066688985787311
1509,-0.3969774607364356
1510,0.9028776408533091
1511,1.3183507609199803
1512,0.6679183498462506
1513,-0.6414782039145626
1514,0.6131760359569733
1515,0.7834518277530857
1516,1.0206946149465919
1517,0.1337991745912622
1518,-1.2906336512336443
1519,-1.717166016600245
1520,0.28235247635351
1521,1.1644972477698712
1522,-1.3284008523924662
1523,-0.5998730093937709
1525,-0.49681454212553683
1526,0.680773525397637
1527,-0.5239133691845839
1529,-0.7904486664116426
1530,0.5737763487440033
1531,1.0739550578064039
1533,-0.17308795078703304
1534,-1.5247644110210572
1535,-0.8897258852632635
1536,0.18201893966371213
1537,-0.11622128581394545
1538,-1.3815692161406272
1539,-0.614360141036701
1540,-0.2583982332295757
1542,0.40210482164948874
1543,0.47934494593829874
1544,-0.7987067942214335
1545,0.6030384967975375
1546,-1.0543130267320686
1547,1.0595597041437637
1548,-1.0681373445706224
1549,-1.3481248123759877
1551,-0.6591480826953808
1552,0.9515811423985188
1553,-2.189577428097688
1554,0.03603382173309381
1555,0.24735186226055858
1556,-1.0272149483463522
1557,0.970480475463131
1559,-0.006840031610642516
1560,-0.9166885488578077
1562,0.262073360151932
1563,-2.0773137549685474
1564,0.4692784470054836
1567,0.299761629286607
1568,0.05536476838970452
1569,1.1581747274352234
1570,0.8191257326050141
1571,0.7826671955685723
1573,-0.8277955191249231
1574,-2.623617488179567
1575,0.06543571756098429
1576,0.907915560847689
1577,0.18196438741606025
1578,0.8289670225679268
1579,0.9119164811629151
1582,0.0781965175823475
1583,0.39156223443955845
1584,0.27057191740553177
1585,0.08951047783656785
1586,1.1470422386054555
1587,0.17182124863035989
1588,0.3141701399176436
1589,-0.3783194369412767
1590,-0.8070202391453045
1591,0.6153939238572754
1593,0.8143725526991467
1594,0.5201059660355614
1595,-1.6393459400242534
1596,0.36380602527745276
1598,1.3178761766651241
1600,-0.12622393853494052
1602,-0.39780921844132155
1603,0.20973129332028476
1604,-0.10728481990692205
1605,-0.1834725700190752
1607,-1.3314148048180037
1608,1.012003563629765
1609,-0.5811032761884555
1610,0.008884395574790363
1611,0.856752796496729
1612,1.0007468907550703
1614,0.5200235223411873
1616,0.06284512486122869
1619,0.7627182662529329
1620,0.9308980930908654
1622,-1.9471007835837346
1623,-1.0980361334341524
1625,0.73321352825884
1626,-1.0402757784758012
1627,0.3889360925682951
1628,0.5227741759454927
1629,-1.455505157549514
1631,0.4594712330710209
1632,0.2441522350531558
1633,0.9484128959327195
1634,1.0933314418326643
1635,0.11458068471738209
1636,-0.6272926100767889
1637,-0.30460382678241193
1638,0.4114747677822794
1639,0.7545051483143042
1641,-0.7344683708224521
1643,1.2525426194713187
1644,0.4593504484495358
1645,-0.34689657289094844
1646,0.4718525876810697
1647,0.7536151870973384
1648,-2.4685207584052806
1649,-0.46012488371132537
1652,-0.25908258110210874
1653,0.057823721520806406
1654,-0.7341975876589103
1655,0.0781965175823475
1656,0.670553482283912
1657,0.5856946696487602
1658,-1.7141475248542037
1659,-0.060093315331464774
1661,0.47302441913554666
1662,0.47446959253436544
1663,0.1705616727821582
1664,0.8065112576736976
1665,1.1524908065905817
1666,-0.1786539677471738
1668,-0.0757754874365848
1669,-1.8419885523576023
1670,0.33039883859754127
1671,0.3396000110350449
1672,0.6975642288284002
1674,0.75111797460316
1675,-0.10417151900638028
1676,-0.5555477903483687
1677,0.3415353537715018
1681,0.7689827137883362
1683,-0.5906917621416499
1684,-0.2474934201368757
1687,-0.6228500078180622
1688,0.8114804758600633
1689,-1.1004447865840306
1690,-2.7122583257656223
1691,0.6623864724914416
1692,-0.5180777216860932
1693,0.5300722524060044
1694,-0.8131287245447358
1696,-0.23758791653126266
1697,0.29056361647214396
1698,0.9089924866493956
1699,0.9019502140936143
1700,-0.10175787810000622
1702,-1.808362172635215
1703,-0.3302738225074998
1704,0.8016050645929462
1705,-0.1051423353484571
1706,-0.18405233854637992
1707,0.2128868409077811
1708,0.5832293686228868
1709,0.6342935106956781
1710,0.5362372500748254
1711,-2.5046580549236435
1712,-0.0529508052150003
1713,0.8472563247169582
1714,-0.5520409580391195
1716,-0.23032087092220538
1717,1.1627859080819016
1719,-0.44610297814290617
1720,0.7856877839809376
1721,0.6256628262367055
1722,0.6006054122782902
1725,0.9232253785589417
1726,0.5095140740108538
1727,0.04181824165341249
1728,-0.3496190037419066
1729,0.10706818531100674
1730,-0.6865893492666173
1732,0.570643433037122
1733,0.45491169873220816
1734,1.1655083063944214
1736,0.3207390823090214
1737,-1.581041840758947
1738,0.5662777049966226
1739,0.91594068149242
1740,0.3581872943321537
1741,-1.4720592282669849
1742,0.3498084109140453
1743,0.2785968419177397
1744,0.7788857447592086
1745,0.7550742494955678
1746,-0.31807651729153313
1747,0.237500785946925
1748,-0.9647061598337889
1749,-2.132555562077062
1750,-0.11966648034028032
1751,0.13519704753357792
1752,0.19679371225398573
1753,-2.217364032690319
1756,0.799562366435462
1757,-0.9796582926185359
1758,-0.937366853263184
1759,1.209927642622859
1762,0.9072404975355115
1764,0.3733637475987442
1765,0.14971015838808352
1766,-0.6750063895825826
1767,-0.044749782832623555
1768,0.7464238162253356
1769,-0.07259328408616862
1771,0.19740970142544523
1772,1.191498676224021
1774,0.7370832251950752
1776,-1.0208751044877376
1777,-2.3761087420340608
1778,0.2144633152713343
1779,0.7189722723253757
1780,0.8773612759395525
1781,-0.19655334184660786
1782,-0.7220430898687864
1784,0.013612445925868698
1785,-1.2924993067379493
1786,-1.6685616592583992
1787,-1.164981915906188
1788,0.8603469941464579
1789,0.059806500350553335
1790,0.2607420843907282
1792,-0.052635386843853
1794,0.03529623457133234
1796,0.8244809172498827
1797,-1.3834801584545493
1798,0.4614629740793108
1799,0.698503437119923
1801,-0.015771089760735775
1802,0.5376082748520645
1805,0.4480912452226944
1806,-1.9248956623729077
1807,0.03971809696883255
1810,-0.5186582984598167
1812,0.14380772242317003
1813,0.5729496952030124
1814,-0.2649187118805712
1815,1.1063093190645314
1816,-1.2667273893900977
1817,-2.040983976255438
1819,-1.235717617342487
1820,-1.3640193459360686
1821,-1.8202019258155209
1822,-0.4433296337050899
1823,-1.4508187804517645
1825,-0.18620042877217002
1826,0.3293903097915364
1827,0.44366924818455333
1828,0.6384109581549433
1829,0.2583932311690998
1830,1.2504512954826543
1831,0.005745973509186703
1832,0.47590952780198625
1833,-0.752164871089505
1834,-1.6387734479208675
1835,-0.10193301524710238
1836,0.730326896233186
1837,0.4673303204164187
1840,0.9021691453921884
1841,-0.14824919720398294
1842,0.38252911590238997
1843,-0.20947310172555905
1844,-0.8018379539183024
1845,0.15132444962909422
1846,-1.0470869311237043
1847,-1.3811583423450478
1848,0.7248442456726074
1849,0.2244491163841739
1850,-0.14083992140556725
1851,0.49938298047014906
1852,-0.4110818007926698
1853,0.5965844605603764
1854,0.24020432458252086
1855,0.3338412292540611
1856,1.3430801406591848
1857,-0.6049236051438468
1858,-0.11130811204021009
1859,0.44008740485499304
1860,-1.0229465384637175
1863,-0.38331122118618244
1865,0.7853848140783934
1867,0.2046348740630709
1869,0.8447426610367377
1870,0.02657957345217528
1871,1.1197510057934512
1872,0.01267794471619506
1873,0.7259289261917327
1875,0.7065935277219929
1876,-0.9253168661924449
1877,0.5239777276691853
1879,1.1751784298769996
1881,0.2667579576696984
1882,0.27386573585392693
1883,0.20673343856045512
1884,0.3235830624887437
1885,-0.6634139173750474
1887,-1.0187708273254559
1891,-1.567023754166389
1892,0.5134239591700317
1894,-0.8767743442471981
1895,-0.4218443645812964
1896,0.7134165539986261
1898,-0.14361079661468337
1899,-1.1906983094414447
1900,1.1958680523076923
1901,-1.316633839967023
1902,1.1444890388654239
1903,-0.2523065306243281
1904,0.5929520897982039
1905,0.16886061574739858
1906,-1.3979138855596878
1907,0.8853470806592735
1909,-0.758720865637758
1910,1.3170747185200073
1911,-1.7887228245281537
1912,0.3450676151309019
1913,-0.6602806061707698
1915,-2.861725503162073
1916,0.5095140831027258
1918,0.16442149219186972
1919,-0.5602997136109719
1920,0.43477223184024555
1921,0.7900969390364282
1923,-0.1718239385287738
1924,1.3565221159309602
1925,-1.2391202755319883
1926,1.0844489907689796
1927,0.670553482283912
1928,0.9018246813645601
1930,1.0171983118254122
1932,0.6061010550971877
1933,1.0406917862430953
1934,0.6555152534486061
1935,0.9191008336608596
1936,0.13512063513476832
1937,0.3457620675912622
1938,0.26624551958151715
1939,0.30991162073759576
1940,0.3289376748776108
1941,-0.7837385540368396
1942,-2.4785330483625176
1943,0.35924339048890797
1944,0.27085581488945193
1946,-0.3118342285327338
1947,0.2752004897471589
1948,-1.3904220447387166
1949,-0.13202103472792875
1950,0.7861263026783116
1951,-0.46956448996183897
1952,-2.3369062205666524
1953,0.4308445920727623
1954,0.5931204747498243
1955,1.163604234967545
1957,0.9085852913924833
1958,-1.1582179346400097
1959,-1.0681373445706224
1960,0.799100044882345
1962,0.5355902344028466
1963,0.8542520895584926
1965,-0.07095276139027178
1966,-2.424099771650057
1967,0.3560984315326831
1968,1.1072822307179218
1969,-1.203719611809318
1971,0.025360280129516678
1972,1.356685284339477
1973,-0.5470044501006076
1974,0.2624530017027011
1976,0.6077958306752118
1977,-2.5144270054254214
1978,0.41109162314592806
1979,0.29500055466051467
1980,-0.282259525682129
1981,0.313526801090589
1982,1.0753711771459094
1983,-0.3024643276867001
1984,1.137072968215147
1986,1.3028614161507959
1988,0.2883170579482234
1989,-0.17788632081085495
1990,0.21978519841737915
1991,-0.14394167830460763
1992,-0.1718239385287738
1993,-0.2699431572564209
1994,0.5726867440669604
1995,1.152194155951061
1996,0.7112827661346096
1997,0.5495637515902303
1998,0.9085686220688469
1999,0.373367938098061
2000,0.2023038785766751
2001,-0.7374232744964196
2002,0.6539927282207877
2003,0.24708078116284665
2004,0.1604007329671819
2005,0.23610721476856691
2006,0.058056079067442715
2008,-1.5795229369372736
2009,-1.2069158949986734
2010,-0.06119281294893738
2011,0.7153578565412052
2013,-1.6467071615527866
2015,0.9538933281247102
2016,0.38819193374136246
2017,-0.06185207629558431
2019,0.7107411543300035
2020,-0.18770215303600613
2021,-1.3035193480365506
2022,0.5646163432117799
2023,-0.07270082621751729
2025,0.35027896266424835
2026,0.03002079375370016
2027,-0.4678381523219532
2028,0.3128655953482028
2029,0.4720932134126012
2030,0.8867229947359437
2033,0.1660472347508278
2034,0.9940991091059208
2037,-1.5540292224144108
2039,0.016511766730459905
2040,-0.01629298807478949
2041,-1.299980370254036
2043,0.3966117200824722
2044,1.3167889448053425
2047,0.01709145838285823
2049,0.9638447881114411
2050,0.30477800845517683
2051,-0.6732141166719297
2052,1.3295037739278108
2055,0.6408326132628034
2056,1.220977628324519
2057,-1.333041023146806
2058,1.292204304824045
2059,-0.04386179575066448
2060,0.43739310145421445
2061,1.0166261046499765
2063,-0.12345052905085657
2064,-1.5564931570502216
2065,0.08835126591517654
2066,0.2784761358251206
2067,0.56656076047106
2068,-0.30916981226080187
2069,-1.5196507767946301
2070,0.04279189867225734
2071,0.1752429817648005
2072,-0.6016694214518231
2073,0.5864925754122106
2074,-1.1443364848442379
2075,-1.7528253045542985
2076,-2.763811750843631
2077,-0.6714357490505456
2078,0.20774924925686675
2079,-1.2998720062458438
2080,0.8363778106849603
2081,0.591495731532159
2082,-0.4866794904498973
2083,-0.332047271876535
2084,-0.18127272547216242
2085,0.04681122814702724
2086,0.07928147282193146
2087,0.5471000414428895
2089,0.7623072437252378
2090,-2.259861854229386
2091,0.2975569165622001
2092,-1.4611486100678515
2094,-0.446413677810693
2095,-2.47673742878657
2096,-1.5617384515357666
2098,-1.430968882898932
2099,0.6572477889789051
2100,0.24877651473094237
2101,-0.7146477665144672
2102,1.0059186628727037
2103,0.8681193882644052
2104,-1.9310927134088784
2105,-1.1257210038994978
2107,-0.8525926704693725
2108,1.0157720311135432
2109,-1.0661531763693977
2110,0.0781965175823475
2111,1.3068509839188218
2112,0.33946706079084926
2113,0.3429416168910996
2114,0.49331117376048106
2116,1.0653897316224243
2118,0.012830890640178698
2119,-0.5105184084402894
2121,1.0148192634789948
2122,-1.4641746171705274
2123,0.5608581003389065
2124,0.7490269964732007
2125,1.0225368699381403
2127,0.8182581968112387
2128,-0.05159337455078235
2130,0.7551089690713483
2131,0.9348328700367069
2132,0.8428590271887242
2133,0.049671351981635394
2136,0.06494728233270036
2137,-0.8048956793497458
2138,0.0014457975559393622
2139,0.8612708487764512
2141,0.780203573401221
2142,-0.24450722169865124
2143,0.16297121906194725
2144,-1.0329195798365503
2145,0.303866456249236
2147,0.44738077649935953
2148,0.30824204619382684
2150,-0.325388452150947
2152,0.26857173989021355
2153,-1.054542906560587
2154,0.0019474582603708657
2155,0.25882781242044933
2156,0.7426391965158181
2157,0.6090973238948416
2160,0.21779732757732548
2161,0.9965739222387408
2162,0.496720913826329
2163,-1.425019579433361
2164,0.8470501458229196
2165,0.0151917933809955
2167,1.307018093987999
2168,-0.48754615069337554
2171,-1.767636405471765
2172,0.9458475674939926
2173,-0.006069125882838467
2175,0.21089924263059262
2178,0.6612890068947689
2179,0.37918728747263897
2180,1.0052779123000715
2181,0.5433856329191122
2182,0.4352059905818384
2183,-0.8488843046119964
2184,0.2244491163841739
2187,-0.39934349363380983
2188,-0.5716605316078756
2189,-0.3985651135430144
2191,0.5796677023364494
2192,1.005330196246855
2193,-0.6811229939239197
2194,0.8179005153195802
2195,-1.2006274317428969
2196,-0.91088326782834
2197,-0.12667718495725935
2198,-1.4386585375876695
2199,0.45267453944330904
2200,1.2143697135893068
2201,-2.6546848442985262
2202,1.0597357919169863
2203,-0.5873123239956025
2204,0.38599879812557975
2206,0.22949190280713092
2207,1.1894624828075788
2208,-0.13210928323068677
2210,0.4005200601206618
2211,0.9549526631383056
2212,0.43427738329445315
2213,0.7031948069137809
2214,0.04364436090160054
2215,0.8626712267128694
2216,-0.19291127597061658
2217,1.0871506693582
2218,-0.08372512107930953
2219,-0.5087237845814124
2220,-0.05826124281433655
2221,-0.31443490628482984
2223,0.8542288538604903
2224,-1.0428142400684661
2226,-0.06805607620971216
2228,0.6357575323441478
2229,-0.23049342453894156
2231,-0.3628335623438867
2232,0.3198546831116554
2233,0.631149343367738
2234,-0.9116907315232288
2235,-0.6967506708327393
2236,-0.05860301070132242
2238,-0.1828097441508926
2240,-1.0191019020005543
2243,0.8802338368632392
2245,0.4136158661397674
2246,-0.28225242204793627
2247,0.4243282636277744
2249,0.4114144371165062
2250,-1.351168168959955
2252,0.8709000567664466
2253,-1.2439843834832105
2256,-1.532488457304901
2257,0.5862988309669814
2258,0.8886386770299609
2259,-0.6001549699668672
2260,-1.6086537703844586
2261,-0.2710346440591687
2263,-2.561242609163625
2264,1.1217876894609304
2265,-1.0681373445706224
2267,0.8070102759270189
2270,-0.4218443645812964
2271,-0.3399906658346044
2272,-0.8152566749406023
2273,0.2919805703048613
2274,1.1032348041323115
2275,0.2933180808427669
2276,-2.0027061949987415
2277,-1.2617981796999898
2278,-0.11090305670217718
2279,0.42755314429855007
2280,-0.34656501599792994
2281,-0.06869106677277957
2282,0.5208577732793354
2283,-0.3268871099188198
2284,0.7038728446072129
2285,-0.752233675863049
2286,0.9962144632959166
2287,-0.6718647305166455
2288,-0.16574919634322194
2289,-1.7703352605199605
2290,0.7929796943582678
2291,-0.6296090246742837
2292,-1.8939793710391002
2294,-1.508372292728757
2295,-2.7112274496266258
2296,1.0709401051717462
2297,1.2357980591331008
2298,-1.4367632945332773
2299,1.1933072121567332
2300,-0.06018263591620609
2301,-0.7802903721615302
2302,-1.8021927271607898
2303,0.6157924499885014
2304,1.3343478475488852
2307,-0.7387439572730948
2309,0.36516879333723756
2310,-0.07259328408616862
2311,0.681065439693477
2313,0.8932593325860423
2315,-0.20430618337101505
2316,0.5423583821588565
2317,0.529173592395735
2318,0.4453517653883645
2319,-0.35948046681890533
2320,0.2829695908454749
2327,0.7310758727776758
2328,0.4129278607179439
2330,-1.7229783357639998
2331,0.4649023784860246
2332,-1.6077992864032695
2334,0.3112423591975696
2335,-1.2993183493039397
2336,0.6938288825270765
2337,-0.05205096294723422
2339,-0.11110484166869881
2340,0.40091770231585006
2341,0.727123565360186
2343,-0.5023329533181304
2345,0.10769903056885025
2347,1.1445098937639842
2348,-0.21916240045911262
2350,0.4987338868717413
2351,1.276898674411638
2352,0.760987828345389
2354,0.4226157519556958
2355,0.3263353350038438
2356,0.20842964699836286
2358,-1.1760960695793345
2359,-0.1700354442110853
2361,0.0781965175823475
2362,-2.0271050223629676
2363,0.6503390009864507
2365,-0.9011159362529709
2366,0.6569180442456326
2367,0.38038167117986765
2368,-2.5657993058853976
2369,1.0009175285925878
2370,1.2404560159116367
2371,0.3897062350194498
2372,0.9363410288327615
2373,0.7931665123671244
2374,-1.8803686831157382
2375,0.8270294953183742
2376,0.05007553352853538
2377,0.816774419576412
2378,0.004773413882303844
2379,-0.16666045373887003
2380,-0.013565236072390833
2381,-1.0721226803854274
2382,0.22693065578269572
2385,0.35561244543266113
2386,0.29187917207786657
2388,0.8271850480908759
2390,0.012432533568138131
2392,-0.0991633855966807
2393,-0.9496483877837445
2394,0.9842330069546185
2396,1.1011947213216122
2397,1.2504922895955608
2398,0.26739332931866816
2400,-0.9527407083312539
2401,0.4843524930950032
2403,0.1749345736998878
2404,0.9987891376426723
2405,-2.9130140993159848
2406,0.6878567405642894
2407,-0.5894931153371907
2408,-0.2829339462045524
2409,0.5843098237369669
2410,0.23625909852484933
2411,1.133340614468898
2413,-0.967701470011968
2414,0.6693995462672573
2415,0.316031091664185
2416,-0.15184643224923142
2417,-0.31807651729153313
2418,0.8882590719472491
2419,0.967037195076143
2420,-0.30916981226080187
2421,0.06523449031629536
2423,-1.0681373445706224
2425,0.38460902003219893
2426,-0.7141223506831246
2427,-0.7104065732517394
2428,0.4600101339114528
2429,0.2469398642073514
2430,0.012432533568138131
2431,1.2627265112401973
2432,-1.0142742630154093
2433,0.4356895155436718
2434,-1.6327630080088034
2435,-0.3219830000591721
2436,-0.3792127232353654
2437,1.2689661233128513
2438,0.5132305305053786
2439,0.3598460314393812
2440,0.6358242036437017
2441,0.14443416560667874
2445,0.43372832839217623
2446,0.02657957345217528
2447,1.1456226452410319
2449,0.4821944649172547
2451,-1.0515630797901199
2452,0.8260131040983225
2453,-0.5839192145411592
2456,-0.12366682336832154
2457,-1.00989689776287
2458,-0.3879443093833552
2459,1.1991437159287563
2462,-0.159282707951791
2463,-1.6259558251613357
2465,-0.1199470484755848
2466,0.3605406650060727
2467,0.5247326560410147
2468,0.13504330789298102
2470,0.15903782188760635
2471,0.13407814797052275
2472,1.2757336046521814
2473,-1.5017471635275124
2474,-2.1715956561319882
2475,1.3183488886191075
2476,1.1146762129929895
2477,0.2464297613679993
2478,0.7077210940858852
2479,0.6383394262380118
2480,0.24013433958377034
2481,0.601154790925391
2483,-1.906623702892207
2484,0.41347935719932666
2485,1.3076526531942179
2486,0.8204557448492754
2488,0.8515068499837573
2489,0.5135552634941865
2490,-0.12667718495725935
2491,-2.462478801880814
2492,-0.4389539901303087
2493,-0.03863763739257231
2494,-1.6511869294605428
2495,-0.3985651135430144
2496,-0.9990451635891912
2497,0.5296855516006598
2498,-0.5185704055850205
2499,1.0139518715934546
2500,0.2593731367939172
2501,-0.030104377408205554
2502,0.3865904900694798
2503,0.588349056945626
2505,-0.02916338477623492
2506,0.7439593647386431
2507,-0.17381098507556303
2509,-0.37111377380546523
2510,-1.0455786775181108
2511,0.35662436962119604
2512,0.5977765919656225
2513,0.0781965175823475
2514,1.0788992448060353
2515,-0.5959222297965876
2516,0.08337345519599987
2518,1.0958706021746567
2519,-0.6718647305166455
2520,0.8074329049508339
2521,0.7350293929488945
2522,-0.17648024360734293
2523,-0.3499451065144473
2524,-1.1522482307869562
2525,0.4087387636451856
2526,0.4506303772676487
2528,-0.09133533175678346
2529,-0.4156457433644564
2530,0.7913318806742178
2533,-0.5646847999797385
2534,0.6223835729094206
2535,1.1175840584919297
2537,-0.251447516851247
2538,0.15868513036605833
2539,-1.4207222498755987
2540,-0.35375037913541724
2541,0.7971135355268428
2542,0.46126400003626306
2543,0.09883065453438776
2544,0.536815478375197
2545,0.596894981628308
2546,0.7927502895353894
2548,0.5103753090859775
2549,-0.665910602436121
2550,0.43098701795272315
2551,0.32245418593861913
2553,-0.34406775086305835
2555,-0.41935402943604533
2558,0.5814399532436045
2559,0.5020693184351243
2560,0.08017172135060725
2561,0.20383188818113954
2564,0.23074918761575097
2565,0.28967587315102983
2566,-0.43407587204956777
2567,0.5213801858650454
2568,0.13525265901072914
2569,-0.10396022609766414
2571,-1.5648728804842755
2572,1.212173053982178
2573,-0.0381967839479784
2574,-0.3927736505539586
2575,-0.8181172191036697
2579,0.6995657844287061
2580,-1.9332457943677217
2581,0.4381995767743833
2583,-0.021216323917545184
2584,0.570643433037122
2585,-0.6951506420987613
2586,0.0890986884329249
2587,0.5255859259529203
2588,-0.3274336407069944
2589,0.7086987091014046
2590,-1.9391370499529206
2591,0.5148375195620826
2593,-0.4966619749023635
2594,-1.7954978534309252
2595,0.7429544596908901
2597,0.19864225676526295
2598,-0.10400281350557604
2599,1.174428056751089
2601,0.8649178725607344
2602,-1.0417157111122213
2603,1.0169952885538445
2604,0.13807264667673325
2605,-1.3621498368809044
2606,1.0487037027500006
2607,-2.13593765690828
2608,-0.11309796560118518
2609,-0.3254323495274101
2611,0.7819414240097677
2612,0.939793633800094
2613,-0.030082462179609568
2614,0.7279799739988976
2615,0.07209182609380199
2616,0.6459747318518111
2618,1.2712257340286386
2619,0.26218591025916654
2620,0.8429825784094546
2621,0.3931445030254307
2622,-2.001092736932632
2623,0.8050760361827775
2624,1.1769868605798188
2625,-1.879293764736237
2627,0.6756491380982396
2628,-0.7566522346055033
2629,0.4398941114214117
2630,0.2241841225756262
2632,0.4481203493081612
2633,0.49077644543726123
2634,-0.3606723962966694
2635,0.30372042991277076
2636,0.7034411109130514
2638,1.0715307019437024
2640,0.3491538215761307
2641,-0.16193212908685664
2642,0.8362836821606936
2643,0.8432578414745341
2644,0.9123784699849387
2645,0.7439922994036704
2646,-0.07819888973604269
2648,1.0056285892013181
2649,-0.47069727229157576
2650,-0.029601595867185145
2651,-0.12667718495725935
2653,0.6221582478779861
2654,0.6630653746522213
2655,-1.168394927313527
2657,0.37732031343746125
2658,0.3450571299953318
2659,0.35366357927384445
2660,0.4143296231383918
2661,0.8448728672815482
2662,-1.0681373445706224
2663,0.8693950169122949
2664,0.6319505831107513
2665,0.7226058918569093
2666,0.6251979357952343
2667,0.8652628315130526
2668,0.9865047781461156
2669,1.2907954247487543
2670,-2.1904024848156474
2671,0.13898925093828485
2672,0.4150934289914091
2673,-1.2516090847520942
2674,-0.5184028552563749
2675,-0.5937298354009902
2676,-0.21657013226278043
2678,-0.789704127422251
2679,0.3137602054223138
2681,-0.626210400646468
2682,-0.31807651729153313
2683,0.6431831034381442
2684,-0.2919902211706628
2685,0.2057882263432109
2686,-1.5734607025272784
2687,-1.157148996986129
2688,-0.46970615078431394
2689,0.7219009886123048
2690,0.7094297127452696
2691,0.12217408231511862
2692,0.520531032891987
2693,0.44803786007014806
2694,0.7470970838336752
2695,0.012432533568138131
2696,0.3760062744527736
2697,0.04681122814702724
2698,-0.5042728822287457
2699,-1.4118401883137874
2700,0.3761364332639223
2701,-0.12182467073839925
2702,0.4616402023137448
2703,0.032476059262985864
2704,0.18406949661518998
2706,0.8350999236082007
2707,0.2099828373138316
2708,-0.1248504536618093
2709,1.024341507642491
2710,-0.41001697065233456
2711,0.6001049690270022
2712,0.23557941150407005
2713,0.6405976090710334
2714,-1.3706082988888932
2715,0.7075500261839303
2716,-1.9015708300478547
2717,0.8806154395070751
2718,-0.6782184798379646
2719,0.8208991054935707
2720,0.46586068348042897
2721,-1.5725044528302432
2722,-1.000010811603803
2723,-0.35943879778773946
2724,0.44002875417181897
2725,-1.6398594969306033
2726,0.494525120428308
2727,-1.4535510457116978
2728,-0.9753299669795197
2730,0.8986882825666501
2732,-1.0785503666050964
2734,0.8340428699156208
2735,0.067748110279578
2738,1.0669307453714012
2740,1.0177973751158824
2741,-0.45648961235196456
2742,0.8462660219439722
2744,0.46866008176814916
2745,-0.9803538377382003
2746,0.5902668240628958
2748,1.072627741638711
2749,-0.6054983086203907
2750,0.15820399212862193
2751,0.40086839577811206
2752,-0.3961421302655097
2753,0.3116386566757404
2754,0.26927737807444213
2755,0.33317732345644746
2756,0.5266017037555409
2757,-1.2299210220544765
2760,0.11747578258364576
2761,-1.9111728601529503
2762,0.30558415711883236
2764,-0.7323592447198913
2765,0.07790786955001369
2766,0.995198171291931
2767,0.9542920932260307
2769,0.5329233501751067
2771,0.23558961219654528
2773,0.8986045476439709
2774,-0.13202103472792875
2775,-1.040446770653019
2776,-0.08828336016278901
2777,0.21016026278953176
2778,1.0751094673317192
2779,0.6365524861553576
2780,0.6839735233514146
2782,0.7521832244665413
2784,0.46397251984069116
2785,0.012432533568138131
2787,1.0059345278738194
2788,-0.7132849463502624
2789,-1.8541253457450202
2791,-0.26531565262071477
2792,0.7516385820682997
2794,0.5429671633886378
2795,-0.31189946512583944
2796,-0.12799930157216902
2797,-0.059149370079276155
2798,-0.936625616540653
2799,0.9505574131284557
2800,0.8103657062236579
2801,-2.0617454107696447
2803,0.44398545756672864
2804,-0.5607914101265903
2805,-0.5215381890571572
2806,0.7901280243227852
2807,0.2997043465747665
2808,0.7150307579554426
2809,0.0041006708302094175
2811,-1.4234629269420969
2812,-1.2742543242025886
2813,0.23119885216682085
2814,-0.660643598136807
2815,0.7893147241685521
2816,-0.4351579955759589
2817,-0.13879867047405203
2818,-0.013084392050210628
2819,-0.41095812013537614
2820,-1.0681373445706224
2821,0.29225756239953726
2822,0.5269434734118358
2824,0.564953273178355
2825,0.8429825784094546
2826,-0.09558209714234793
2827,0.02042721532307807
2828,0.6338401276073251
2829,-0.5621646049504945
2831,0.24895309664742651
2833,0.6606925592823732
2834,1.1968548899117653
2835,0.2870098368591899
2836,-0.32915687928208365
2837,0.6003125682911327
2839,1.1739077259887187
2841,0.9975994898570795
2842,0.2100842607975212
2844,-0.13666565851241558
2845,-2.105250512024123
2846,1.18860438268082
2847,-0.6428051184035981
2849,0.19978601898087855
2850,0.2678233733261258
2851,0.0872032393916269
2852,-0.14384331094437308
2853,-0.01800362416549835
2854,-0.18542836862025858
2856,0.33100512254205844
2857,-0.14295227311231495
2858,1.394987863219188
2859,0.3434318401043185
2861,0.8530339619356933
2862,-0.7322460802184126
2863,-0.04899401769210661
2865,-0.02848474128831154
2866,1.3913625558503486
2868,-1.518514972109639
2869,0.6262717516023993
2871,0.3185847743008701
2872,0.1519695401892192
2873,-1.5955645504201517
2875,-2.0596541090695206
2876,0.21180849002249102
2877,0.6069220012104342
2878,0.2439459876664785
2880,1.102554477607288
2881,1.0246580781215682
2882,-0.134214683990883
2883,0.705827188609299
2884,-1.216035257626298
2885,-1.5089276745810913
2886,-1.3950562679568972
2887,0.48085370006395495
2888,0.2927093296339812
2889,0.5119932435581319
2891,0.3854734114635167
2892,-0.18441421831249957
2893,0.9669165229118528
2894,-1.3665266435553387
2895,0.7198000489650034
2896,-0.9761832126949304
2897,0.20366002516903453
2898,1.0510734510488065
2899,1.2992099493190088
2900,-1.0776863493101223
2901,0.9948863943561516
2902,-2.197550540926179
2904,0.19286877492369964
2905,-1.008861605983477
2906,1.1399486622821238
2907,0.5859856018321599
2908,-0.06763569616867916
2909,0.584959812797414
2911,0.7533644532388701
2912,-0.4711790362474506
2913,-0.522315576597925
2914,0.4077273141663001
2915,1.2965981485334492
2916,0.033079285305177834
2917,0.6404892598058552
2918,-0.6267179981629564
2919,0.10706818531100674
2920,-2.78565940407993
2921,-0.4723531428852625
2922,0.09352082778856195
2923,0.18665578047073914
2924,-0.502022431416333
2925,0.9715375457129036
2926,0.5222418964692505
2928,-0.15629897778598287
2929,0.5994496055722194
2930,0.4188747781128287
2931,0.48195251768938596
2933,0.7373272379414124
2934,0.7492325439307632
2935,0.8501254516604222
2936,-2.501805106601738
2937,0.5813661858882738
2938,1.345870981247651
2939,-1.582900661237049
2940,0.8501254516604222
2941,-0.12053058550835935
2942,-1.5900988461801915
2943,0.3954965490728583
2944,0.8028094890623868
2945,0.4901548161603242
2947,-1.2990021595911085
2949,-0.1718239385287738
2951,0.23829920593089066
2952,0.6912598069840586
2953,0.2463241801988544
2954,0.11789009332489787
2956,0.07667487192288529
2957,0.4687240916936015
2958,0.30861956375996663
2959,-0.26766393305568
2960,-0.7633502432873097
2961,0.9255665790612013
2962,0.6423121767714283
2963,0.5471635579446776
2964,-1.008898332807031
2965,1.3788828167468428
2967,-0.08655773518608016
2969,0.7958630971076279
2970,1.3528148634268284
2971,0.16769160019437268
2972,-0.0384003443507716
2973,-0.3071740565941083
2974,0.02806123636061345
2975,0.6457572078385211
2976,0.1688142074330647
2977,0.40508041516936666
2978,-0.7992195250141022
2979,0.7509350738389338
2980,-0.48760833056034814
2981,-1.674840268116938
2982,-1.1703721319876228
2983,-0.902308364537704
2984,0.8985131304895578
2985,0.15030751667081088
2986,0.1953685119163775
2987,-0.8731109269662467
2989,-1.6479361715877798
2990,-0.10401989969186642
2991,0.8091160894559275
2994,0.15176746660939083
2995,-0.6493331421525573
2996,-1.4354686890405346
2997,0.8027948929652972
2998,1.038523954843036
2999,0.7717838432725473
